3,Huck, Blanca,bhuck2@apache.org,226.69.200.154
5,Guinn, Donielle,dguinn4@dropbox.com,166.184.216.209
17,Pickvance, Lianna,lpickvanceg@bloglines.com,133.215.232.194
19,Bigglestone, Dalila,dbigglestonei@yolasite.com,21.163.93.143
25,Wetherell, Andie,awetherello@nps.gov,86.117.155.109
37,Stanmore, Abagael,astanmore10@msu.edu,54.46.123.51
41,Pulteneye, Hendrika,hpulteneye14@sina.com.cn,42.87.2.191
43,Lambertz, Hermina,hlambertz16@washingtonpost.com,231.37.156.73
45,Snoddon, Jewel,jsnoddon18@exblog.jp,176.59.87.149
51,Gammel, Courtney,cgammel1e@google.co.jp,134.198.40.247
53,De Roos, Alfreda,aderoos1g@google.it,32.177.162.211
57,Yellop, Charmane,cyellop1k@123-reg.co.uk,236.114.240.7
59,Figgen, Danica,dfiggen1m@unc.edu,5.246.98.175
61,Izard, Ricca,rizard1o@hao123.com,43.230.166.52
63,Camlin, Tabbatha,tcamlin1q@dedecms.com,219.114.155.125
65,O'Sharry, Shane,sosharry1s@bloglovin.com,234.231.198.235
75,Titterrell, Elizabeth,etitterrell22@qq.com,254.155.162.105
77,Lukehurst, Shane,slukehurst24@hubpages.com,125.84.174.36
79,Feehily, Drucy,dfeehily26@domainmarket.com,124.6.25.33
81,Widdowfield, Melania,mwiddowfield28@chicagotribune.com,1.16.93.6
83,Stockey, Joleen,jstockey2a@ustream.tv,2.118.84.167
85,Kissock, Margit,mkissock2c@psu.edu,131.146.24.248
97,Mathew, Ciel,cmathew2o@bbc.co.uk,89.162.104.139
105,Dumberrill, Bryna,bdumberrill4@typepad.com,80.174.187.152
115,Pinnick, Allie,apinnicke@apache.org,9.199.31.54
121,McElwee, Vicky,vmcelweek@wunderground.com,225.76.17.161
127,Cackett, Sela,scackettq@bandcamp.com,242.110.56.219
129,Tollfree, Gilda,gtollfrees@github.com,23.90.183.83
131,Enderby, Evelyn,eenderbyu@rakuten.co.jp,19.251.167.254
135,Crose, Stephenie,scrosey@disqus.com,158.71.93.25
137,Wedgwood, Tabina,twedgwood10@wiley.com,131.23.69.104
139,Feek, Cassandra,cfeek12@google.ca,227.29.95.113
141,Yekel, Trula,tyekel14@mit.edu,231.16.19.157
145,Leads, Margalo,mleads18@vistaprint.com,213.156.230.128
151,Trayes, Charmine,ctrayes1e@issuu.com,183.162.85.241
153,Neligan, Karissa,kneligan1g@miibeian.gov.cn,94.251.109.253
155,Spirritt, Rebe,rspirritt1i@hatena.ne.jp,201.191.242.230
157,Woollaston, Bunni,bwoollaston1k@t.co,3.202.40.78
165,Heyworth, Alissa,aheyworth1s@domainmarket.com,208.176.226.184
173,Cosin, Maurizia,mcosin20@vkontakte.ru,170.189.200.178
177,Fourman, Maryellen,mfourman24@angelfire.com,250.169.224.127
179,Percy, Alyce,apercy26@bravesites.com,172.201.144.227
185,Heustace, Perry,pheustace2c@baidu.com,79.201.8.130
189,Fenich, Jeane,jfenich2g@bbc.co.uk,220.111.136.150
191,Huc, Martguerita,mhuc2i@mozilla.org,206.66.57.223
195,Haukey, Bathsheba,bhaukey2m@microsoft.com,73.135.159.169
197,Allcoat, Elianora,eallcoat2o@ucsd.edu,112.233.220.85
203,Byart, Alison,abyart2@nyu.edu,134.203.31.52
205,McCready, Wandis,wmccready4@cargocollective.com,190.13.16.34
209,Caroll, Tallou,tcaroll8@amazon.com,6.119.107.173
213,Halpeine, Meredith,mhalpeinec@csmonitor.com,112.38.58.164
219,Ailmer, Gwenore,gailmeri@g.co,172.23.15.123
221,Innes, Bobina,binnesk@livejournal.com,34.25.186.24
225,Raimbauld, Kenna,kraimbauldo@theglobeandmail.com,169.227.164.255
231,Caley, Willie,wcaleyu@foxnews.com,119.62.3.195
235,Tolcher, Merilee,mtolchery@opera.com,124.118.224.95
239,Monaghan, Bridie,bmonaghan12@sakura.ne.jp,213.45.26.113
241,Broodes, Kesley,kbroodes14@cpanel.net,153.144.81.182
245,Tebbett, Grata,gtebbett18@berkeley.edu,153.28.52.44
247,Biss, Ardelia,abiss1a@arstechnica.com,8.28.22.8
255,Aylott, Shaylyn,saylott1i@i2i.jp,200.130.147.244
257,Reavey, Gaby,greavey1k@nsw.gov.au,255.194.5.202
261,Axton, Cloris,caxton1o@imdb.com,46.15.95.182
269,Charrier, Kelley,kcharrier1w@mapy.cz,227.100.56.67
273,Mohammed, Demetra,dmohammed20@redcross.org,224.208.243.240
277,Souster, Devinne,dsouster24@cpanel.net,108.64.161.195
279,Manuely, Cleopatra,cmanuely26@trellian.com,34.145.117.154
285,Dhennin, Nonah,ndhennin2c@w3.org,90.164.242.32
289,McCarter, Keslie,kmccarter2g@baidu.com,228.55.199.227
291,Rawcliffe, Emmalynne,erawcliffe2i@theglobeandmail.com,76.111.47.71
293,Sutton, Marcellina,msutton2k@howstuffworks.com,114.192.177.132
295,Engley, Rhianon,rengley2m@imageshack.us,203.60.169.248
301,Bilbee, Darcey,dbilbee2s@imdb.com,175.40.120.75
309,Yorkston, Nomi,nyorkston30@joomla.org,129.219.121.183
311,Grumell, Georgetta,ggrumell32@usgs.gov,101.8.218.56
313,Sirey, Xaviera,xsirey34@wordpress.com,21.2.139.98
315,Rittelmeyer, Rhianon,rrittelmeyer36@archive.org,64.72.13.8
317,Pickwell, Mead,mpickwell38@army.mil,138.217.216.83
323,Bramsom, Christina,cbramsom3e@symantec.com,154.161.253.26
325,Clows, Trista,tclows3g@istockphoto.com,183.41.150.143
329,Kiddy, Theresa,tkiddy3k@businesswire.com,245.243.25.56
333,Gravenor, Shana,sgravenor3o@sfgate.com,51.102.186.176
339,Charlewood, Anett,acharlewood3u@artisteer.com,35.112.84.29
343,Lean, Deny,dlean3y@tinypic.com,178.53.62.117
347,Bebb, Doralyn,dbebb42@google.com.br,94.199.33.144
353,Bloggett, Elva,ebloggett48@latimes.com,197.93.96.98
357,Matusevich, Christie,cmatusevich4c@com.com,60.159.36.130
361,Lamperd, Helli,hlamperd4g@surveymonkey.com,205.41.63.61
363,Hayer, Dulcy,dhayer4i@joomla.org,61.83.249.83
365,Trippack, Issy,itrippack4k@cam.ac.uk,253.81.67.69
367,Brabyn, Ema,ebrabyn4m@newsvine.com,7.97.55.90
373,Phipps, Corabelle,cphipps4s@tiny.cc,82.3.1.88
375,Alker, Ulrikaumeko,ualker4u@businessinsider.com,101.63.131.157
381,Bastin, Wrennie,wbastin50@ox.ac.uk,21.129.237.25
383,Yeaman, Debera,dyeaman52@github.io,215.152.72.217
387,Guise, Kathie,kguise56@ucla.edu,31.81.123.240
399,Daleman, Pamela,pdaleman5i@themeforest.net,112.100.89.109
401,Jorg, Lauraine,ljorg5k@bloglovin.com,114.47.78.204
405,Primarolo, Joela,jprimarolo5o@reference.com,18.41.240.164
411,Juszczyk, Cherida,cjuszczyk5u@smugmug.com,237.96.23.101
413,Wigfield, Gates,gwigfield5w@psu.edu,110.194.115.146
415,Puddle, Nat,npuddle5y@vimeo.com,0.7.70.197
417,Samsworth, Alayne,asamsworth60@yolasite.com,73.161.35.177
419,Tams, Arliene,atams62@youtu.be,62.190.148.64
423,Tissier, Evangelina,etissier66@jugem.jp,185.42.149.34
429,Darrach, Marcie,mdarrach6c@surveymonkey.com,80.219.50.61
433,Falck, Katee,kfalck6g@yahoo.co.jp,123.56.73.29
441,Cawsey, Luisa,lcawsey6o@unicef.org,46.1.9.197
447,Clarson, Lelah,lclarson6u@networkadvertising.org,105.44.31.152
451,Jovey, Ashlan,ajovey6y@cbslocal.com,154.44.85.14
455,Morgen, Fannie,fmorgen72@berkeley.edu,184.215.128.150
465,Domini, Libbi,ldomini7c@mozilla.org,239.192.176.125
467,Atterbury, Cathie,catterbury7e@mtv.com,138.146.110.65
469,Lohde, Tiffi,tlohde7g@mac.com,78.83.4.152
471,Tattoo, Breena,btattoo7i@ustream.tv,21.100.249.164
479,Balf, Jehanna,jbalf7q@51.la,194.171.124.225
487,Applewhaite, Kylie,kapplewhaite7y@java.com,163.19.31.170
491,Alywin, Carrie,calywin82@behance.net,138.213.246.153
495,Tarbett, Seline,starbett86@quantcast.com,122.218.149.64
497,Lynas, Eva,elynas88@yellowpages.com,112.9.109.185
499,Etteridge, Ulrika,uetteridge8a@ucoz.ru,167.201.121.105
503,McArd, Demetria,dmcard8e@epa.gov,208.3.8.160
505,Gras, Jenni,jgras8g@feedburner.com,101.64.133.193
507,Phettis, Dede,dphettis8i@cdc.gov,168.139.166.61
509,Poytheras, Opalina,opoytheras8k@buzzfeed.com,248.183.80.177
511,Lumsdon, Anitra,alumsdon8m@g.co,93.95.246.169
513,Breston, Gabie,gbreston8o@mapy.cz,144.204.108.18
515,Perelli, Benedetta,bperelli8q@washingtonpost.com,203.186.130.245
519,Harmar, Reeta,rharmar8u@eventbrite.com,153.228.242.7
523,Yewdell, Lanette,lyewdell8y@merriam-webster.com,247.150.28.116
525,Matthaus, Gladi,gmatthaus90@cnbc.com,159.46.84.61
527,Godding, Ava,agodding92@kickstarter.com,149.132.214.115
533,Learned, Yvonne,ylearned98@illinois.edu,52.246.139.244
539,Fennick, Ibbie,ifennick9e@apple.com,24.31.244.175
545,Brands, Diandra,dbrands9k@acquirethisname.com,131.143.122.26
549,Hankins, Kyla,khankins9o@google.co.jp,0.103.11.245
551,Hanwell, Codee,chanwell9q@dagondesign.com,144.150.50.156
557,Howcroft, Andy,ahowcroft9w@bravesites.com,198.35.50.239
561,Mateu, Dotty,dmateua0@php.net,119.195.83.183
563,Noonan, Adorne,anoonana2@comcast.net,17.5.73.122
571,Steere, Olivette,osteereaa@addthis.com,44.45.91.18
573,Dilleston, Janessa,jdillestonac@businesswire.com,186.192.162.115
575,Crompton, Rafaela,rcromptonae@cmu.edu,36.208.176.106
583,Strauss, Harrietta,hstraussam@networksolutions.com,148.104.23.249
585,Keers, Doroteya,dkeersao@histats.com,39.59.201.244
589,Monteath, Ulla,umonteathas@accuweather.com,73.31.82.136
607,Bossons, Magdalena,mbossonsba@sciencedaily.com,151.44.41.109
611,Dorrian, Sibel,sdorrianbe@theguardian.com,105.251.164.92
617,Jannaway, Anya,ajannawaybk@yellowpages.com,53.2.187.232
619,Kippen, Gerry,gkippenbm@fotki.com,213.85.91.239
627,Cherrett, Anitra,acherrettbu@bravesites.com,174.186.7.211
631,Shedden, Annora,asheddenby@ihg.com,85.251.128.1
639,Attkins, Rora,rattkinsc6@ebay.co.uk,203.227.236.92
649,McGray, Arlie,amcgraycg@dyndns.org,165.186.110.78
651,Yielding, Beth,byieldingci@nhs.uk,235.30.180.101
655,Mahomet, Fifine,fmahometcm@apple.com,18.152.34.145
657,Gerrard, Fae,fgerrardco@omniture.com,208.144.125.28
659,Boutellier, Dulce,dboutelliercq@yandex.ru,140.97.185.129
661,Jell, Jean,jjellcs@w3.org,150.218.167.60
663,St Louis, Elka,estlouiscu@etsy.com,241.175.152.212
665,Ainsworth, Gae,gainsworthcw@squarespace.com,32.141.73.89
673,Latta, Tedra,tlattad4@ucla.edu,83.108.251.142
675,Barnett, Odille,obarnettd6@blog.com,24.134.42.29
679,Barwick, Klarrisa,kbarwickda@4shared.com,52.12.152.86
683,Murrells, Vanny,vmurrellsde@angelfire.com,88.190.169.215
685,Ferrarello, Morganica,mferrarellodg@seesaa.net,62.68.137.92
693,Janca, Viki,vjancado@java.com,181.59.220.101
695,Fealy, Neala,nfealydq@newsvine.com,186.209.172.42
697,Kleinsinger, Sadie,skleinsingerds@themeforest.net,124.207.152.92
699,Wisniowski, Shanie,swisniowskidu@bbb.org,49.4.11.235
703,McGown, Malinda,mmcgowndy@photobucket.com,192.182.191.41
707,Powter, Nanete,npowtere2@hc360.com,80.189.147.206
715,Koche, Helen,hkocheea@nhs.uk,199.11.195.147
719,Welling, Laurie,lwellingee@acquirethisname.com,74.202.81.86
721,Walliker, Madeline,mwallikereg@ted.com,83.47.127.247
725,Penkman, Kayla,kpenkmanek@eventbrite.com,204.51.215.245
727,Bonaire, Shena,sbonaireem@ehow.com,234.98.177.219
731,Quick, Margalo,mquickeq@oracle.com,116.28.112.217
735,Riediger, Zonnya,zriedigereu@kickstarter.com,130.178.97.175
737,Dresse, Mari,mdresseew@oakley.com,201.14.39.255
739,Simmins, Ann-marie,asimminsey@wsj.com,60.246.40.106
747,Marsden, Cheri,cmarsdenf6@google.ru,50.4.96.108
753,Sidwick, Elsa,esidwickfc@dailymotion.com,141.172.14.30
759,Feaviour, Honor,hfeaviourfi@icq.com,3.140.143.84
767,Verdun, Ronda,rverdunfq@artisteer.com,215.236.85.42
771,Rawdales, Madelena,mrawdalesfu@boston.com,40.8.77.40
775,Dowry, Kit,kdowryfy@odnoklassniki.ru,83.183.38.214
777,McGoogan, Hedi,hmcgoogang0@marketwatch.com,79.36.210.224
779,Offell, Vivyan,voffellg2@pcworld.com,192.130.249.80
781,Hew, Em,ehewg4@soundcloud.com,131.100.116.138
785,Wethey, Abby,awetheyg8@patch.com,57.240.104.4
793,Pepperd, Aubrey,apepperdgg@slideshare.net,178.211.43.30
795,Derx, Evangelia,ederxgi@bbb.org,111.105.109.106
797,Morgon, Tabbi,tmorgongk@odnoklassniki.ru,49.66.196.155
801,Dungey, Marietta,mdungeygo@berkeley.edu,41.240.39.207
807,Cosson, Delly,dcossongu@home.pl,96.128.113.148
809,Colthurst, Lilian,lcolthurstgw@ebay.com,161.123.63.220
813,Aspey, Ilyssa,iaspeyh0@mapy.cz,158.98.141.70
815,Thorrington, Trula,tthorringtonh2@youku.com,218.162.97.216
817,Bourdice, Sharla,sbourdiceh4@wired.com,39.169.167.37
819,Abbots, Pippa,pabbotsh6@unblog.fr,33.85.109.160
829,Cristoforo, Dorice,dcristoforohg@vk.com,73.201.30.71
831,Yglesia, Bridget,byglesiahi@odnoklassniki.ru,21.157.94.135
835,Axten, Celene,caxtenhm@wordpress.com,143.73.108.16
841,Money, Carmelia,cmoneyhs@elegantthemes.com,172.85.215.126
845,Gilhouley, Helena,hgilhouleyhw@indiegogo.com,17.169.198.178
847,Oldfield-Cherry, Dareen,doldfieldcherryhy@slashdot.org,166.253.132.172
853,Longforth, Ebba,elongforthi4@dedecms.com,253.154.116.211
855,Bilbrooke, Ingaborg,ibilbrookei6@live.com,178.60.195.145
859,Karpol, Zuzana,zkarpolia@instagram.com,116.197.140.237
867,Rean, Vera,vreanii@taobao.com,239.41.60.101
875,McKeurtan, Charlean,cmckeurtaniq@shutterfly.com,13.126.72.191
883,Bernaert, Pooh,pbernaertiy@bing.com,80.243.247.81
887,Collard, Louella,lcollardj2@privacy.gov.au,158.250.209.203
889,Fitzjohn, Hilde,hfitzjohnj4@state.tx.us,111.239.17.215
891,Godson, Masha,mgodsonj6@seesaa.net,200.213.8.23
893,Gorry, Gillan,ggorryj8@washingtonpost.com,204.224.88.224
897,Wedge, Edna,ewedgejc@vinaora.com,92.83.72.249
911,Knightley, Shanta,sknightleyjq@un.org,68.52.113.68
913,Boustred, Birgitta,bboustredjs@barnesandnoble.com,54.218.131.59
915,Heathfield, Karina,kheathfieldju@oracle.com,205.147.202.211
919,Avieson, Deidre,daviesonjy@wikimedia.org,149.94.181.224
921,Schuricht, Audy,aschurichtk0@stanford.edu,50.224.80.6
923,Clappison, Anette,aclappisonk2@is.gd,139.43.126.57
925,Martignon, Stafani,smartignonk4@ed.gov,157.22.72.225
935,Thompson, Lynnet,lthompsonke@soup.io,71.126.232.179
939,Swatradge, Judy,jswatradgeki@sciencedirect.com,224.194.226.221
945,Malatalant, Deidre,dmalatalantko@wikia.com,67.29.154.91
955,Gilhool, Miguela,mgilhoolky@ihg.com,72.16.147.79
959,Sprowle, Fred,fsprowlel2@infoseek.co.jp,136.253.174.52
965,Liebmann, Bonnibelle,bliebmannl8@businesswire.com,201.115.195.62
967,Balcon, Rici,rbalconla@businessinsider.com,68.134.48.24
979,Berre, Marci,mberrelm@squidoo.com,236.212.88.225
981,Cowpe, Flor,fcowpelo@mapquest.com,207.48.137.173
989,Stare, Vinny,vstarelw@webmd.com,161.46.99.147
991,Pockett, May,mpockettly@psu.edu,173.20.92.254
999,Durrant, Elfrieda,edurrantm6@state.gov,45.45.57.185
1001,Greenshields, Joye,jgreenshieldsm8@youtu.be,224.235.80.133
1003,Cowley, Dale,dcowleyma@bing.com,141.231.194.149
1007,Tonnesen, Laureen,ltonnesenme@theatlantic.com,157.36.190.227
1009,Abels, Kirsten,kabelsmg@is.gd,252.63.137.225
1013,Lightwood, Charil,clightwoodmk@dot.gov,95.206.117.200
1015,Rouf, Gayla,groufmm@webeden.co.uk,241.170.99.177
1017,Upjohn, Mirabella,mupjohnmo@wordpress.com,64.82.192.70
1019,Degoey, Farica,fdegoeymq@gmpg.org,119.30.94.166
1029,Emnoney, Gloriane,gemnoneyn0@elegantthemes.com,54.237.38.202
1031,Holberry, Reeba,rholberryn2@fastcompany.com,121.4.68.192
1039,Gerrens, Oliy,ogerrensna@tinyurl.com,148.134.206.131
1041,Enticott, Georgena,genticottnc@ucla.edu,240.238.138.245
1045,Tax, Sandye,staxng@addtoany.com,19.2.69.34
1047,Sly, Leonelle,lslyni@theatlantic.com,145.74.178.154
1055,Goldberg, Beverley,bgoldbergnq@purevolume.com,6.171.52.63
1059,Mertel, Bamby,bmertelnu@studiopress.com,46.140.175.234
1069,Davydenko, Linell,ldavydenkoo4@wisc.edu,206.189.239.211
1077,Huburn, Yovonnda,yhuburnoc@seesaa.net,78.159.225.10
1083,Tucknott, Veronique,vtucknottoi@go.com,96.104.74.198
1093,Kerner, Doreen,dkerneros@goo.gl,157.20.49.201
1101,Ferencz, Kizzee,kferenczp0@bigcartel.com,184.2.226.99
1103,Cicco, Reta,rciccop2@quantcast.com,158.148.45.133
1109,Buckhurst, Del,dbuckhurstp8@mlb.com,244.184.247.74
1113,Hambright, Luisa,lhambrightpc@washington.edu,108.100.69.74
1119,Granleese, Bethina,bgranleesepi@indiegogo.com,229.91.133.192
1127,Everal, Vanya,veveralpq@wp.com,210.127.142.17
1129,Balch, Glad,gbalchps@bigcartel.com,190.11.79.189
1133,Anker, Natty,nankerpw@thetimes.co.uk,24.174.83.223
1135,Giovanetti, Faythe,fgiovanettipy@bloglovin.com,204.225.153.149
1139,Flucker, Danette,dfluckerq2@istockphoto.com,225.10.174.20
1143,Sam, Kizzie,ksamq6@topsy.com,86.254.56.10
1145,Vick, Katherina,kvickq8@goo.ne.jp,177.179.16.220
1157,Marushak, Madonna,mmarushakqk@liveinternet.ru,182.37.114.198
1159,Henri, Jenny,jhenriqm@indiegogo.com,87.233.52.74
1161,Hatchell, Emelda,ehatchellqo@nymag.com,175.243.152.233
1169,Baylis, Emmey,ebaylisqw@bandcamp.com,144.137.225.223
1171,Gozney, Sianna,sgozneyqy@blogtalkradio.com,166.128.22.86
1173,Hantusch, Orsola,ohantuschr0@whitehouse.gov,201.64.243.45
1177,Monni, Geraldine,gmonnir4@ft.com,6.20.164.59
1179,Hannigan, Nesta,nhanniganr6@pagesperso-orange.fr,42.202.215.104
1181,O'Carran, Brittani,bocarranr8@networksolutions.com,79.128.139.195
1185,Elderbrant, Gennifer,gelderbrantrc@people.com.cn,248.81.237.112
1191,Batham, Luella,lbathamri@tamu.edu,243.107.63.113
1197,Hubner, Brynne,bhubnerro@cargocollective.com,230.114.73.251
1199,Dron, Camella,cdronrq@webs.com,140.153.26.33
