id,first_name,last_name,email,gender,ip_address
101,Findley,Artz,fartz0@rakuten.co.jp,Male,31.234.85.146
102,Levin,Franzewitch,lfranzewitch1@1688.com,Male,128.115.141.232
103,Son,Filoniere,sfiloniere2@constantcontact.com,Male,102.202.212.96
104,Bill,Pocknell,bpocknell3@cdc.gov,Male,153.251.202.135
105,Bryna,Dumberrill,bdumberrill4@typepad.com,Female,80.174.187.152
106,Mac,Eason,meason5@theguardian.com,Male,158.70.134.57
107,Artus,Willford,awillford6@networksolutions.com,Male,175.178.128.254
108,Emalia,Shearer,eshearer7@newyorker.com,Female,44.121.103.204
109,Frankie,Danbye,fdanbye8@google.com.br,Male,191.118.74.94
110,Charlotte,Habert,chabert9@1688.com,Female,67.118.233.193
111,Kristofor,Madigan,kmadigana@google.com.au,Male,92.176.115.159
112,Bond,Dalziel,bdalzielb@google.pl,Male,140.24.225.52
113,Orren,McKelloch,omckellochc@cloudflare.com,Male,115.131.227.161
114,Myles,Aspland,masplandd@smh.com.au,Male,74.28.40.103
115,Allie,Pinnick,apinnicke@apache.org,Female,9.199.31.54
116,Nevin,Marte,nmartef@soundcloud.com,Male,57.36.190.113
117,Davie,Widdup,dwiddupg@live.com,Male,20.69.79.63
118,Chelsea,Gierok,cgierokh@google.nl,Female,21.103.68.163
119,Chaim,Morforth,cmorforthi@utexas.edu,Male,79.37.152.132
120,Adelle,Zavittieri,azavittierij@disqus.com,Female,40.34.57.143
121,Vicky,McElwee,vmcelweek@wunderground.com,Female,225.76.17.161
122,Rona,Gayton,rgaytonl@state.gov,Female,87.103.168.144
123,Elwin,Sauvain,esauvainm@bbb.org,Male,94.197.118.115
124,Bartram,Gierardi,bgierardin@rediff.com,Male,106.243.70.131
125,Abbey,Olivera,aoliverao@freewebs.com,Male,74.79.85.60
126,Creigh,Pratte,cprattep@house.gov,Male,249.60.155.116
127,Sela,Cackett,scackettq@bandcamp.com,Female,242.110.56.219
128,Myriam,Hurburt,mhurburtr@salon.com,Female,15.122.92.182
129,Gilda,Tollfree,gtollfrees@github.com,Female,23.90.183.83
130,Amalea,Mc Harg,amchargt@house.gov,Female,179.80.7.226
131,Evelyn,Enderby,eenderbyu@rakuten.co.jp,Female,19.251.167.254
132,Desiri,Fowkes,dfowkesv@army.mil,Female,33.87.190.132
133,Alessandro,Jeffries,ajeffriesw@cbc.ca,Male,146.119.195.13
134,Aaren,Durtnal,adurtnalx@acquirethisname.com,Female,220.94.45.9
135,Stephenie,Crose,scrosey@disqus.com,Female,158.71.93.25
136,Georgie,Wales,gwalesz@icio.us,Male,116.80.244.172
137,Tabina,Wedgwood,twedgwood10@wiley.com,Female,131.23.69.104
138,Heriberto,Gounel,hgounel11@wunderground.com,Male,26.83.173.187
139,Cassandra,Feek,cfeek12@google.ca,Female,227.29.95.113
140,Clarie,Luthwood,cluthwood13@deviantart.com,Female,221.164.113.136
141,Trula,Yekel,tyekel14@mit.edu,Female,231.16.19.157
142,Darbie,Lamberts,dlamberts15@vimeo.com,Female,216.181.247.33
143,Chen,Grimes,cgrimes16@arstechnica.com,Male,196.226.246.11
144,Red,Pessold,rpessold17@bbc.co.uk,Male,46.244.220.121
145,Margalo,Leads,mleads18@vistaprint.com,Female,213.156.230.128
146,Ramsay,Marton,rmarton19@fda.gov,Male,135.23.210.85
147,Gregorius,Danzig,gdanzig1a@elpais.com,Male,253.115.115.170
148,Martha,Smeeton,msmeeton1b@t-online.de,Female,178.78.211.84
149,Harold,Govey,hgovey1c@abc.net.au,Male,81.213.5.151
150,Aubrette,Van Waadenburg,avanwaadenburg1d@csmonitor.com,Female,127.239.38.75
151,Charmine,Trayes,ctrayes1e@issuu.com,Female,183.162.85.241
152,Jemimah,Pavolillo,jpavolillo1f@yandex.ru,Female,237.191.160.205
153,Karissa,Neligan,kneligan1g@miibeian.gov.cn,Female,94.251.109.253
154,Obadiah,Nuzzti,onuzzti1h@icio.us,Male,163.91.119.59
155,Rebe,Spirritt,rspirritt1i@hatena.ne.jp,Female,201.191.242.230
156,Calypso,Etherton,cetherton1j@alibaba.com,Female,113.229.207.225
157,Bunni,Woollaston,bwoollaston1k@t.co,Female,3.202.40.78
158,Bobby,Atwater,batwater1l@feedburner.com,Female,84.102.232.74
159,Corbin,Lardge,clardge1m@about.com,Male,190.85.3.23
160,Vernon,Greenstock,vgreenstock1n@xing.com,Male,237.219.32.250
161,Myca,Cullrford,mcullrford1o@weather.com,Male,76.216.126.54
162,Simon,Vale,svale1p@gnu.org,Male,192.209.31.135
163,Jerri,Dorcey,jdorcey1q@ibm.com,Male,151.90.126.3
164,Deborah,Helliar,dhelliar1r@oracle.com,Female,27.179.139.238
165,Alissa,Heyworth,aheyworth1s@domainmarket.com,Female,208.176.226.184
166,Duky,Tesoe,dtesoe1t@sun.com,Male,149.153.83.23
167,Natal,Jellico,njellico1u@elpais.com,Male,173.132.73.51
168,Danette,Mosson,dmosson1v@newsvine.com,Female,55.220.94.125
169,Kristoforo,Fairleigh,kfairleigh1w@toplist.cz,Male,161.243.19.84
170,Cacilia,Clayhill,cclayhill1x@behance.net,Female,100.238.43.39
171,Hakim,Pevie,hpevie1y@theguardian.com,Male,100.98.173.1
172,Hieronymus,Bezants,hbezants1z@feedburner.com,Male,3.43.169.232
173,Maurizia,Cosin,mcosin20@vkontakte.ru,Female,170.189.200.178
174,Rey,Cheeney,rcheeney21@discovery.com,Male,208.10.214.7
175,Eamon,Williams,ewilliams22@cargocollective.com,Male,183.208.250.242
176,Corey,Taggert,ctaggert23@yahoo.co.jp,Female,160.218.95.47
177,Maryellen,Fourman,mfourman24@angelfire.com,Female,250.169.224.127
178,Ashli,Di Antonio,adiantonio25@blogger.com,Female,180.53.149.158
179,Alyce,Percy,apercy26@bravesites.com,Female,172.201.144.227
180,Sander,Georgi,sgeorgi27@lycos.com,Male,182.46.42.90
181,Casar,Peyes,cpeyes28@bloglines.com,Male,188.44.46.165
182,Annnora,Stears,astears29@google.nl,Female,198.155.45.9
183,Alwyn,Karpets,akarpets2a@google.it,Male,197.185.178.182
184,Idell,Tax,itax2b@abc.net.au,Female,254.15.102.120
185,Perry,Heustace,pheustace2c@baidu.com,Female,79.201.8.130
186,Vanya,Pencott,vpencott2d@admin.ch,Female,123.234.209.51
187,Vaughan,Pavlovic,vpavlovic2e@elpais.com,Male,107.138.148.252
188,Saul,Millar,smillar2f@walmart.com,Male,151.41.85.4
189,Jeane,Fenich,jfenich2g@bbc.co.uk,Female,220.111.136.150
190,Cornelle,Werndly,cwerndly2h@ihg.com,Female,72.244.116.17
191,Martguerita,Huc,mhuc2i@mozilla.org,Female,206.66.57.223
192,Arda,Karpenya,akarpenya2j@apache.org,Female,19.252.156.92
193,Stirling,Cauley,scauley2k@nba.com,Male,104.142.227.240
194,Humbert,Pennuzzi,hpennuzzi2l@bandcamp.com,Male,219.181.74.1
195,Bathsheba,Haukey,bhaukey2m@microsoft.com,Female,73.135.159.169
196,Dita,Reef,dreef2n@npr.org,Female,128.209.113.184
197,Elianora,Allcoat,eallcoat2o@ucsd.edu,Female,112.233.220.85
198,Rozele,Graber,rgraber2p@slate.com,Female,247.166.106.148
199,Rodolfo,Golby,rgolby2q@smh.com.au,Male,105.223.115.91
200,Missie,Sein,msein2r@topsy.com,Female,236.246.149.187
